INSERT INTO p_Jeux (nomJeux, logo) VALUES
('League of Legends', NULL),
('Rocket League', NULL);

INSERT INTO p_Classement_Info (nomClassement, division, classement_avatar, nomJeux) VALUES
('Fer', 4, NULL, 'League of Legends'),
('Fer', 3, NULL, 'League of Legends'),
('Fer', 2, NULL, 'League of Legends'),
('Fer', 1, NULL, 'League of Legends'),

('Bronze', 4, NULL, 'League of Legends'),
('Bronze', 3, NULL, 'League of Legends'),
('Bronze', 2, NULL, 'League of Legends'),
('Bronze', 1, NULL, 'League of Legends'),

('Argent', 4, NULL, 'League of Legends'),
('Argent', 3, NULL, 'League of Legends'),
('Argent', 2, NULL, 'League of Legends'),
('Argent', 1, NULL, 'League of Legends'),

('Or', 4, NULL, 'League of Legends'),
('Or', 3, NULL, 'League of Legends'),
('Or', 2, NULL, 'League of Legends'),
('Or', 1, NULL, 'League of Legends'),

('Platine', 4, NULL, 'League of Legends'),
('Platine', 3, NULL, 'League of Legends'),
('Platine', 2, NULL, 'League of Legends'),
('Platine', 1, NULL, 'League of Legends'),

('Diamant', 4, NULL, 'League of Legends'),
('Diamant', 3, NULL, 'League of Legends'),
('Diamant', 2, NULL, 'League of Legends'),
('Diamant', 1, NULL, 'League of Legends'),

('Émeraude', 4, NULL, 'League of Legends'),
('Émeraude', 3, NULL, 'League of Legends'),
('Émeraude', 2, NULL, 'League of Legends'),
('Émeraude', 1, NULL, 'League of Legends'),

('Master', 1, NULL, 'League of Legends'),
('Grandmaster', 1, NULL, 'League of Legends'),
('Challenger', 1, NULL, 'League of Legends');

INSERT INTO p_Classement_Info (nomClassement, division, classement_avatar, nomJeux) VALUES
('Fer', 1, NULL, 'Rocket League'),
('Fer', 2, NULL, 'Rocket League'),
('Fer', 3, NULL, 'Rocket League'),

('Argent', 1, NULL, 'Rocket League'),
('Argent', 2, NULL, 'Rocket League'),
('Argent', 3, NULL, 'Rocket League'),

('Or', 1, NULL, 'Rocket League'),
('Or', 2, NULL, 'Rocket League'),
('Or', 3, NULL, 'Rocket League'),

('Platine', 1, NULL, 'Rocket League'),
('Platine', 2, NULL, 'Rocket League'),
('Platine', 3, NULL, 'Rocket League'),

('Diamant', 1, NULL, 'Rocket League'),
('Diamant', 2, NULL, 'Rocket League'),
('Diamant', 3, NULL, 'Rocket League'),

('Champion', 1, NULL, 'Rocket League'),
('Champion', 2, NULL, 'Rocket League'),
('Champion', 3, NULL, 'Rocket League'),

('Grand Champion', 1, NULL, 'Rocket League'),
('Grand Champion', 2, NULL, 'Rocket League'),
('Grand Champion', 3, NULL, 'Rocket League'),

('Supersonic Legend', 1, NULL, 'Rocket League');

INSERT INTO p_Langues (code_alpha, nom, drapeau) VALUES
('EN', 'Anglais', NULL),
('ZH', 'Chinois', NULL),
('HI', 'Hindi', NULL),
('ES', 'Espagnol', NULL),
('FR', 'Français', NULL),
('AR', 'Arabe', NULL),
('RU', 'Russe', NULL),
('PT', 'Portuguais', NULL),
('BN', 'Bengali', NULL),
('DE', 'Allemand', NULL),
('JA', 'Japonais', NULL),
('KO', 'Coreen', NULL),
('IT', 'Italien', NULL),
('UR', 'Urdu', NULL);
